  <profile version="1.0">
    <option name="myName" value="Pyfa" />
    <inspection_tool class="IgnoreUnusedEntry" enabled="false" level="UNUSED ENTRY" enabled_by_default="false" />
    <inspection_tool class="InconsistentLineSeparators" enabled="true" level="ERROR" enabled_by_default="true" />
    <inspection_tool class="ProblematicWhitespace" enabled="true" level="WARNING" enabled_by_default="true" />
    <inspection_tool class="PyBehaveInspection" enabled="true" level="WARNING" enabled_by_default="true" />
    <inspection_tool class="PyClassicStyleClassInspection" enabled="true" level="WARNING" enabled_by_default="true" />
    <inspection_tool class="PyCompatibilityInspection" enabled="true" level="WARNING" enabled_by_default="true">
      <option name="ourVersions">
        <value>
          <list size="1">
            <item index="0" class="java.lang.String" itemvalue="2.7" />
          </list>
        </value>
      </option>
    </inspection_tool>
    <inspection_tool class="PyMissingTypeHintsInspection" enabled="true" level="WEAK WARNING" enabled_by_default="true" />
    <inspection_tool class="PyPackageRequirementsInspection" enabled="true" level="WARNING" enabled_by_default="true">
      <option name="ignoredPackages">
        <value>
          <list size="1">
            <item index="0" class="java.lang.String" itemvalue="wxPython" />
          </list>
        </value>
      </option>
    </inspection_tool>
    <inspection_tool class="PyPep8Inspection" enabled="true" level="TYPO" enabled_by_default="true">
      <option name="ignoredErrors">
        <list>
          <option value="E203" />
          <option value="E127" />
          <option value="E128" />
          <option value="E126" />
        </list>
      </option>
    </inspection_tool>
    <inspection_tool class="PyPep8NamingInspection" enabled="true" level="TYPO" enabled_by_default="true">
      <option name="ignoredErrors">
        <list>
          <option value="N802" />
          <option value="N806" />
          <option value="N803" />
          <option value="N814" />
        </list>
      </option>
    </inspection_tool>
    <inspection_tool class="PyShadowingBuiltinsInspection" enabled="true" level="WARNING" enabled_by_default="true" />
    <inspection_tool class="PyShadowingNamesInspection" enabled="true" level="WARNING" enabled_by_default="true" />
    <inspection_tool class="PyUnresolvedReferencesInspection" enabled="true" level="WARNING" enabled_by_default="true">
      <option name="ignoredIdentifiers">
        <list>
          <option value="_" />
        </list>
      </option>
    </inspection_tool>
    <inspection_tool class="SpellCheckingInspection" enabled="false" level="TYPO" enabled_by_default="false">
      <option name="processCode" value="true" />
      <option name="processLiterals" value="true" />
      <option name="processComments" value="true" />
    </inspection_tool>
  </profile>
