<code_scheme name="Pyfa">
  <option name="LINE_SEPARATOR" value="&#xD;&#xA;" />
  <option name="RIGHT_MARGIN" value="165" />
  <Python>
    <option name="NEW_LINE_AFTER_COLON" value="true" />
    <option name="DICT_NEW_LINE_AFTER_LEFT_BRACE" value="true" />
    <option name="DICT_NEW_LINE_BEFORE_RIGHT_BRACE" value="true" />
    <option name="USE_CONTINUATION_INDENT_FOR_ARGUMENTS" value="true" />
    <option name="OPTIMIZE_IMPORTS_SORT_NAMES_IN_FROM_IMPORTS" value="true" />
    <option name="OPTIMIZE_IMPORTS_JOIN_FROM_IMPORTS_WITH_SAME_SOURCE" value="true" />
  </Python>
</code_scheme>
